{"epoch": 99, "loss": 0.2404961884021759, "acuracia treino": 100.0, "acuracia teste": 75.64, "_timestamp": 1676878110.280523, "_runtime": 13378.99147105217, "_step": 99, "_wandb": {"runtime": 13381}}