{"epoch": 119, "Loss Treino": 161.34782767295837, "acuracia treino": 88.694, "acuracia teste": 66.15, "Loss Teste": 131.49035394191742, "_timestamp": 1678171405.7534306, "_runtime": 6098.514214515686, "_step": 119, "_wandb": {"runtime": 6097}}