{"epoch": 99, "loss": 11.602197227999568, "acuracia treino": 96.512, "acuracia teste": 76.83, "_timestamp": 1677175629.993599, "_runtime": 20197.276428937912, "_step": 99, "_wandb": {"runtime": 20199}}