{"epoch": 5, "loss": 0.021915799006819725, "acuracia": 1.0, "_timestamp": 1676405139.9564135, "_runtime": 9630.945210456848, "_step": 81, "_wandb": {"runtime": 9659}}