{"epoch": 99, "loss": 11.573133853264153, "acuracia treino": 96.488, "acuracia teste": 76.99, "_timestamp": 1677332257.9010007, "_runtime": 30316.569301843643, "_step": 99, "_wandb": {"runtime": 30318}}