{"epoch": 119, "Loss Treino": 45.15873084589839, "acuracia treino": 96.264, "acuracia teste": 90.75, "Loss Teste": 29.5113819912076, "_timestamp": 1678207922.4728127, "_runtime": 6051.538370609283, "_step": 119, "_wandb": {"runtime": 6050}}