{"epoch": 119, "Loss Treino": 172.30427658557892, "acuracia treino": 87.726, "acuracia teste": 65.83, "Loss Teste": 134.52503728866577, "_timestamp": 1678140921.4107022, "_runtime": 6076.982614278793, "_step": 119, "_wandb": {"runtime": 6075}}