{"epoch": 199, "loss": 144.20392495393753, "acuracia treino": 52.932, "acuracia teste": 47.1, "_timestamp": 1677952461.9654152, "_runtime": 56883.21387219429, "_step": 199, "_wandb": {"runtime": 56886}}