{"epoch": 199, "Loss Treino": 180.97485242784023, "acuracia treino": 84.282, "acuracia teste": 74.24, "Loss Teste": 79.86266908049583, "_timestamp": 1677618360.279183, "_runtime": 10072.378727912903, "_step": 199, "_wandb": {"runtime": 10071}}