{"epoch": 99, "loss": 11.889084717258811, "acuracia treino": 96.434, "acuracia teste": 77.06, "_timestamp": 1676624758.0995083, "_runtime": 13420.401978254318, "_step": 99, "_wandb": {"runtime": 13422}}