{"epoch": 99, "Loss Treino": 21.074521251022816, "acuracia treino": 99.942, "acuracia teste": 95.1, "Loss Teste": 20.62095582485199, "_timestamp": 1677423911.3827455, "_runtime": 5045.8548674583435, "_step": 99, "_wandb": {"runtime": 5045}}