{"epoch": 199, "Loss Treino": 179.4208747446537, "acuracia treino": 84.516, "acuracia teste": 47.56, "Loss Teste": 189.85272920131683, "_timestamp": 1677835290.098737, "_runtime": 10113.242995977402, "_step": 199, "_wandb": {"runtime": 10112}}