{"epoch": 99, "loss": 0.2401728481054306, "acuracia treino": 100.0, "acuracia teste": 74.58, "_timestamp": 1676460226.6206617, "_runtime": 11977.947990655899, "_step": 99, "_wandb": {"runtime": 11980}}