{"epoch": 119, "Loss Treino": 48.07646073028445, "acuracia treino": 95.888, "acuracia teste": 91.29, "Loss Teste": 27.784255377948284, "_timestamp": 1678226187.175897, "_runtime": 6118.918122768402, "_step": 119, "_wandb": {"runtime": 6118}}