{"epoch": 119, "Loss Treino": 166.92597338557243, "acuracia treino": 88.35, "acuracia teste": 65.21, "Loss Teste": 138.72525399923325, "_timestamp": 1678183627.6032352, "_runtime": 6105.459321260452, "_step": 119, "_wandb": {"runtime": 6104}}