{"epoch": 1, "Loss Treino": 1369.5638406276703, "acuracia treino": 17.536, "acuracia teste": 19.22, "Loss Teste": 339.36317467689514, "_timestamp": 1677457040.8755884, "_runtime": 106.69473552703857, "_step": 1, "_wandb": {"runtime": 116}}