{"epoch": 99, "Loss Treino": 8.784238813444972, "acuracia treino": 99.944, "acuracia teste": 94.82, "Loss Teste": 19.01509916037321, "_timestamp": 1677393626.6856284, "_runtime": 5042.210164308548, "_step": 99, "_wandb": {"runtime": 5041}}