{"epoch": 99, "loss": 0.3054582476615906, "acuracia treino": 100.0, "acuracia teste": 75.82, "_timestamp": 1676987514.5732565, "_runtime": 21686.032584428787, "_step": 99, "_wandb": {"runtime": 21688}}