{"epoch": 99, "loss": 11.361201671883464, "acuracia treino": 96.548, "acuracia teste": 76.84, "_timestamp": 1677197527.1915848, "_runtime": 21887.880754709244, "_step": 99, "_wandb": {"runtime": 21889}}