{"epoch": 99, "Loss Treino": 15.469814632087946, "acuracia treino": 99.944, "acuracia teste": 94.95, "Loss Teste": 20.221870001405478, "_timestamp": 1677408759.0907614, "_runtime": 5037.659824371338, "_step": 99, "_wandb": {"runtime": 5037}}