{"epoch": 99, "loss": 0.3394126296043396, "acuracia treino": 100.0, "acuracia teste": 75.82, "_timestamp": 1676852720.726736, "_runtime": 10612.483276128769, "_step": 99, "_wandb": {"runtime": 10614}}