{"epoch": 199, "Loss Treino": 565.9826861023903, "acuracia treino": 59.35, "acuracia teste": 47.86, "Loss Teste": 201.23827385902405, "_timestamp": 1677632884.475382, "_runtime": 10073.988219976425, "_step": 199, "_wandb": {"runtime": 10073}}