{"epoch": 199, "Loss Treino": 556.5868675708771, "acuracia treino": 60.602, "acuracia teste": 52.35, "Loss Teste": 179.65068745613098, "_timestamp": 1677764542.2284095, "_runtime": 10160.476125478745, "_step": 199, "_wandb": {"runtime": 10159}}