{"epoch": 119, "Loss Treino": 161.68049532175064, "acuracia treino": 88.594, "acuracia teste": 64.01, "Loss Teste": 146.4428652524948, "_timestamp": 1678177513.0272353, "_runtime": 6099.469046354294, "_step": 119, "_wandb": {"runtime": 6098}}