{"epoch": 119, "Loss Treino": 48.125268429517746, "acuracia treino": 95.838, "acuracia teste": 90.07, "Loss Teste": 32.93626394867897, "_timestamp": 1678195806.7668982, "_runtime": 6050.256812095642, "_step": 119, "_wandb": {"runtime": 6049}}