{"epoch": 99, "loss": 0.035180896520614624, "acuracia treino": 100.0, "acuracia teste": 66.61, "_timestamp": 1676418083.532102, "_runtime": 11988.637392044067, "_step": 99, "_wandb": {"runtime": 11986}}