{"epoch": 199, "Loss Treino": 557.1483774185181, "acuracia treino": 60.234, "acuracia teste": 49.63, "Loss Teste": 191.08260023593903, "_timestamp": 1677713780.255085, "_runtime": 10128.285593032837, "_step": 199, "_wandb": {"runtime": 10127}}