{"epoch": 99, "Loss Treino": 31.427337370812893, "acuracia treino": 99.93, "acuracia teste": 95.21, "Loss Teste": 22.403064973652363, "_timestamp": 1677454255.7984097, "_runtime": 5053.508185625076, "_step": 99, "_wandb": {"runtime": 5052}}