{"epoch": 99, "Loss Treino": 6.546609742566943, "acuracia treino": 99.956, "acuracia teste": 94.98, "Loss Teste": 19.47079560533166, "_timestamp": 1677388576.635012, "_runtime": 5029.02161192894, "_step": 99, "_wandb": {"runtime": 5028}}