{"epoch": 119, "Loss Treino": 47.67147680558264, "acuracia treino": 95.856, "acuracia teste": 89.72, "Loss Teste": 33.4999503493309, "_timestamp": 1678220059.0152335, "_runtime": 6062.889605522156, "_step": 119, "_wandb": {"runtime": 6062}}