{"epoch": 199, "Loss Treino": 179.76698103547096, "acuracia treino": 84.366, "acuracia teste": 73.54, "Loss Teste": 86.51090502738953, "_timestamp": 1677845414.4558003, "_runtime": 10115.662206411362, "_step": 199, "_wandb": {"runtime": 10115}}