{"epoch": 119, "Loss Treino": 47.557969592511654, "acuracia treino": 96.05, "acuracia teste": 90.38, "Loss Teste": 33.66806749999523, "_timestamp": 1678268807.9379575, "_runtime": 6088.087742567062, "_step": 119, "_wandb": {"runtime": 6087}}