{"epoch": 99, "loss": 13.256568532437086, "acuracia treino": 96.27, "acuracia teste": 76.8, "_timestamp": 1677069446.091287, "_runtime": 8455.767516851425, "_step": 99, "_wandb": {"runtime": 8457}}