{"epoch": 99, "loss": 12.865705389529467, "acuracia treino": 95.998, "acuracia teste": 75.78, "_timestamp": 1677104887.096748, "_runtime": 13480.63221502304, "_step": 99, "_wandb": {"runtime": 13482}}