{"epoch": 99, "loss": 11.479861184954643, "acuracia treino": 96.584, "acuracia teste": 76.91, "_timestamp": 1677221103.8729708, "_runtime": 23567.483518838882, "_step": 99, "_wandb": {"runtime": 23569}}