{"epoch": 119, "Loss Treino": 166.6336800456047, "acuracia treino": 88.332, "acuracia teste": 67.37, "Loss Teste": 130.29064977169037, "_timestamp": 1678189743.5707293, "_runtime": 6107.137776374817, "_step": 119, "_wandb": {"runtime": 6106}}