{"epoch": 99, "loss": 11.608069627545774, "acuracia treino": 96.57, "acuracia teste": 77.33, "_timestamp": 1677301933.4287715, "_runtime": 28610.327357530594, "_step": 99, "_wandb": {"runtime": 28612}}