{"epoch": 199, "loss": 144.78596949577332, "acuracia treino": 52.674, "acuracia teste": 45.86, "_timestamp": 1677999417.8174787, "_runtime": 46946.85920071602, "_step": 199, "_wandb": {"runtime": 46948}}