{"epoch": 99, "Loss Treino": 28.196159936487675, "acuracia treino": 99.948, "acuracia teste": 95.01, "Loss Teste": 22.36048921942711, "_timestamp": 1677444135.7251742, "_runtime": 5049.437214136124, "_step": 99, "_wandb": {"runtime": 5048}}