{"epoch": 119, "Loss Treino": 167.99178886413574, "acuracia treino": 88.238, "acuracia teste": 67.64, "Loss Teste": 127.78438228368759, "_timestamp": 1678039076.194576, "_runtime": 6111.648077011108, "_step": 119, "_wandb": {"runtime": 6111}}