{"epoch": 199, "Loss Treino": 180.75881591439247, "acuracia treino": 84.552, "acuracia teste": 74.4, "Loss Teste": 80.6277057826519, "_timestamp": 1677825168.7533693, "_runtime": 10111.984527349472, "_step": 199, "_wandb": {"runtime": 10111}}