{"epoch": 99, "loss": 0.2177996039390564, "acuracia treino": 97.5, "acuracia teste": 75.88, "_timestamp": 1676544086.6863706, "_runtime": 11960.500119686127, "_step": 99, "_wandb": {"runtime": 11962}}