{"epoch": 99, "loss": 1.2291648264508694, "acuracia treino": 1.0, "acuracia teste": 1.0, "_timestamp": 1676705223.4831038, "_runtime": 13379.710686683655, "_step": 99, "_wandb": {"runtime": 13381}}