{"epoch": 99, "loss": 11.827864866703749, "acuracia treino": 96.466, "acuracia teste": 77.2, "_timestamp": 1677120059.2166882, "_runtime": 15162.651137113571, "_step": 99, "_wandb": {"runtime": 15164}}