{"epoch": 99, "loss": 11.841808075085282, "acuracia treino": 96.346, "acuracia teste": 76.74, "_timestamp": 1677155422.8381007, "_runtime": 18510.59164571762, "_step": 99, "_wandb": {"runtime": 18512}}