{"epoch": 199, "Loss Treino": 181.896062836051, "acuracia treino": 84.24, "acuracia teste": 77.33, "Loss Teste": 68.06588634848595, "_timestamp": 1677794834.996039, "_runtime": 10093.897971868515, "_step": 199, "_wandb": {"runtime": 10093}}