{"epoch": 99, "loss": 0.25864729285240173, "acuracia treino": 100.0, "acuracia teste": 75.99, "_timestamp": 1676892877.5965576, "_runtime": 14759.184413671494, "_step": 99, "_wandb": {"runtime": 14761}}