{"epoch": 199, "Loss Treino": 177.09158104658127, "acuracia treino": 84.67, "acuracia teste": 77.68, "Loss Teste": 73.4864049255848, "_timestamp": 1677875822.6706862, "_runtime": 10129.868115186691, "_step": 199, "_wandb": {"runtime": 10129}}