{"epoch": 99, "loss": 0.5453378653619438, "acuracia treino": 1.0, "acuracia teste": 1.0, "_timestamp": 1676731984.426801, "_runtime": 13370.039335012436, "_step": 99, "_wandb": {"runtime": 13371}}