{"epoch": 99, "loss": 11.741470272652805, "acuracia treino": 96.432, "acuracia teste": 76.75, "_timestamp": 1677246358.7266932, "_runtime": 25245.165137052536, "_step": 99, "_wandb": {"runtime": 25247}}