{"epoch": 199, "Loss Treino": 565.4726555347443, "acuracia treino": 59.762, "acuracia teste": 49.95, "Loss Teste": 188.93233275413513, "_timestamp": 1677653071.3535817, "_runtime": 10088.12982058525, "_step": 199, "_wandb": {"runtime": 10087}}