{"epoch": 199, "loss": 145.2858219742775, "acuracia treino": 52.408, "acuracia teste": 42.24, "_timestamp": 1678029661.2811298, "_runtime": 30235.770125865936, "_step": 199, "_wandb": {"runtime": 30237}}