{"epoch": 119, "Loss Treino": 171.3198178112507, "acuracia treino": 87.344, "acuracia teste": 64.13, "Loss Teste": 146.18888682127, "_timestamp": 1678128752.3281195, "_runtime": 6075.074587583542, "_step": 119, "_wandb": {"runtime": 6074}}