{"epoch": 119, "Loss Treino": 47.838331408798695, "acuracia treino": 96.066, "acuracia teste": 89.93, "Loss Teste": 32.779090754687786, "_timestamp": 1678256614.784119, "_runtime": 6082.002553939819, "_step": 119, "_wandb": {"runtime": 6081}}