{"epoch": 199, "Loss Treino": 184.52910113334656, "acuracia treino": 84.202, "acuracia teste": 79.99, "Loss Teste": 59.709152698516846, "_timestamp": 1677592060.1686537, "_runtime": 10048.828309774399, "_step": 199, "_wandb": {"runtime": 10048}}