{"epoch": 99, "loss": 381.61097580194473, "acuracia treino": 1.024, "acuracia teste": 0.9, "_timestamp": 1676577486.8632169, "_runtime": 13277.280104875565, "_step": 99, "_wandb": {"runtime": 13279}}