{"epoch": 99, "Loss Treino": 22.60278505459428, "acuracia treino": 99.962, "acuracia teste": 95.03, "Loss Teste": 21.337402567267418, "_timestamp": 1677428966.0028026, "_runtime": 5045.3135685920715, "_step": 99, "_wandb": {"runtime": 5044}}