{"epoch": 99, "loss": 0.243523508310318, "acuracia treino": 100.0, "acuracia teste": 75.38, "_timestamp": 1676472208.529828, "_runtime": 11973.019447088242, "_step": 99, "_wandb": {"runtime": 11975}}