{"epoch": 99, "loss": 11.849176849238575, "acuracia treino": 96.372, "acuracia teste": 76.61, "_timestamp": 1677136899.6147654, "_runtime": 16832.122198343277, "_step": 99, "_wandb": {"runtime": 16834}}