{"epoch": 199, "Loss Treino": 554.9291944503784, "acuracia treino": 60.298, "acuracia teste": 50.81, "Loss Teste": 188.487606883049, "_timestamp": 1677754374.365208, "_runtime": 10150.58618092537, "_step": 199, "_wandb": {"runtime": 10149}}