{"epoch": 99, "Loss Treino": 18.951853457838297, "acuracia treino": 99.934, "acuracia teste": 95.0, "Loss Teste": 20.424547646194696, "_timestamp": 1677418857.9489222, "_runtime": 5041.326647043228, "_step": 99, "_wandb": {"runtime": 5040}}