{"epoch": 99, "loss": 0.2816408574581146, "acuracia treino": 98.75, "acuracia teste": 76.21, "_timestamp": 1676909043.3793557, "_runtime": 16156.473700761795, "_step": 99, "_wandb": {"runtime": 16158}}