{"epoch": 199, "Loss Treino": 180.6242941915989, "acuracia treino": 84.466, "acuracia teste": 75.16, "Loss Teste": 76.34421890974045, "_timestamp": 1677815048.2652447, "_runtime": 10101.338040828705, "_step": 199, "_wandb": {"runtime": 10100}}