{"epoch": 99, "loss": 7.935514382086694, "acuracia treino": 21.184, "acuracia teste": 20.74, "_timestamp": 1676665061.2881055, "_runtime": 13420.338539600372, "_step": 99, "_wandb": {"runtime": 13422}}