{"epoch": 99, "Loss Treino": 24.65780094638467, "acuracia treino": 99.926, "acuracia teste": 94.85, "Loss Teste": 21.763364799320698, "_timestamp": 1677434020.5234537, "_runtime": 5046.82842373848, "_step": 99, "_wandb": {"runtime": 5046}}