{"epoch": 99, "loss": 0.23913784325122833, "acuracia treino": 100.0, "acuracia teste": 76.19, "_timestamp": 1676864723.002992, "_runtime": 11993.68880200386, "_step": 99, "_wandb": {"runtime": 11996}}