{"epoch": 119, "Loss Treino": 173.23517140746117, "acuracia treino": 87.03, "acuracia teste": 62.41, "Loss Teste": 156.21831858158112, "_timestamp": 1678116587.650228, "_runtime": 6069.789009094238, "_step": 119, "_wandb": {"runtime": 6069}}