{"epoch": 99, "loss": 0.18739372491836548, "acuracia treino": 100.0, "acuracia teste": 76.06, "_timestamp": 1676562983.335618, "_runtime": 11946.235003948212, "_step": 99, "_wandb": {"runtime": 11948}}