{"epoch": 99, "loss": 0.3993051052093506, "acuracia treino": 100.0, "acuracia teste": 75.22, "_timestamp": 1676822856.1452415, "_runtime": 6431.868713617325, "_step": 99, "_wandb": {"runtime": 6437}}