{"epoch": 99, "loss": 0.23613600432872772, "acuracia treino": 100.0, "acuracia teste": 75.63, "_timestamp": 1676520149.5465944, "_runtime": 11970.120708465576, "_step": 99, "_wandb": {"runtime": 11972}}