{"epoch": 99, "loss": 0.2889992892742157, "acuracia treino": 100.0, "acuracia teste": 75.62, "_timestamp": 1677035104.4796205, "_runtime": 24488.66598033905, "_step": 99, "_wandb": {"runtime": 24490}}