{"epoch": 199, "Loss Treino": 555.2329330444336, "acuracia treino": 60.594, "acuracia teste": 53.84, "Loss Teste": 171.73702716827393, "_timestamp": 1677744214.1578336, "_runtime": 10143.635451555252, "_step": 199, "_wandb": {"runtime": 10142}}