{"epoch": 199, "Loss Treino": 179.36927697062492, "acuracia treino": 84.542, "acuracia teste": 77.22, "Loss Teste": 68.80221083760262, "_timestamp": 1677855547.2149856, "_runtime": 10124.456536531448, "_step": 199, "_wandb": {"runtime": 10123}}