{"epoch": 119, "Loss Treino": 46.0189657099545, "acuracia treino": 95.988, "acuracia teste": 89.95, "Loss Teste": 32.58428543061018, "_timestamp": 1678201862.6241078, "_runtime": 6046.805783748627, "_step": 119, "_wandb": {"runtime": 6046}}