{"epoch": 99, "Loss Treino": 1.7287064569536597, "acuracia treino": 99.952, "acuracia teste": 94.89, "Loss Teste": 18.96308510378003, "_timestamp": 1677351466.8211877, "_runtime": 5037.77391576767, "_step": 99, "_wandb": {"runtime": 5037}}