{"epoch": 0, "loss": 3.0336382389068604, "acuracia treino": 0.2625, "acuracia teste": 21.92, "_timestamp": 1676405870.3583906, "_runtime": 136.07033562660217, "_step": 0, "_wandb": {"runtime": 250}}