{"epoch": 199, "Loss Treino": 557.4588258266449, "acuracia treino": 60.076, "acuracia teste": 48.75, "Loss Teste": 196.81670475006104, "_timestamp": 1677723918.9536135, "_runtime": 10130.491605520248, "_step": 199, "_wandb": {"runtime": 10129}}