{"epoch": 99, "loss": 4.192328445613384, "acuracia treino": 1.0, "acuracia teste": 1.0, "_timestamp": 1676678450.259069, "_runtime": 13380.793169021606, "_step": 99, "_wandb": {"runtime": 13382}}