{"epoch": 99, "Loss Treino": 26.233061760663986, "acuracia treino": 99.942, "acuracia teste": 95.19, "Loss Teste": 21.272142559289932, "_timestamp": 1677439077.851574, "_runtime": 5048.492939949036, "_step": 99, "_wandb": {"runtime": 5047}}