{"epoch": 99, "loss": 0.07823892682790756, "acuracia treino": 97.5, "acuracia teste": 71.92, "_timestamp": 1676448238.8169138, "_runtime": 11959.234065771103, "_step": 99, "_wandb": {"runtime": 11962}}