{"epoch": 99, "loss": 0.2339952141046524, "acuracia treino": 100.0, "acuracia teste": 75.71, "_timestamp": 1676945511.8243363, "_runtime": 18917.18487739563, "_step": 99, "_wandb": {"runtime": 18918}}