{"epoch": 99, "Loss Treino": 6.609547784551978, "acuracia treino": 99.96, "acuracia teste": 94.92, "Loss Teste": 19.408002514392138, "_timestamp": 1677462674.774262, "_runtime": 5033.7253930568695, "_step": 99, "_wandb": {"runtime": 5033}}