{"epoch": 199, "Loss Treino": 568.5996887683868, "acuracia treino": 59.434, "acuracia teste": 48.79, "Loss Teste": 200.25594663619995, "_timestamp": 1677642975.7275465, "_runtime": 10083.263877391815, "_step": 199, "_wandb": {"runtime": 10079}}