{"epoch": 199, "Loss Treino": 180.8463552892208, "acuracia treino": 84.258, "acuracia teste": 79.55, "Loss Teste": 63.23940873146057, "_timestamp": 1677608280.630339, "_runtime": 10064.989763975143, "_step": 199, "_wandb": {"runtime": 10064}}