{"epoch": 85, "Loss Treino": 13.609606117475778, "acuracia treino": 98.972, "acuracia teste": 93.0, "Loss Teste": 23.941559731960297, "_timestamp": 1677622709.5204444, "_runtime": 4341.717123508453, "_step": 85, "_wandb": {"runtime": 4391}}