{"epoch": 0, "Loss Treino": 609.6777592897415, "acuracia treino": 42.598, "acuracia teste": 50.7, "Loss Teste": 133.9535677433014, "_timestamp": 1677366014.354025, "_runtime": 52.65822386741638, "_step": 0, "_wandb": {"runtime": 57}}