{"epoch": 99, "loss": 0.28951317071914673, "acuracia treino": 98.75, "acuracia teste": 75.87, "_timestamp": 1676484192.5573308, "_runtime": 11975.350710868835, "_step": 99, "_wandb": {"runtime": 11977}}