{"epoch": 119, "Loss Treino": 47.386221311986446, "acuracia treino": 96.016, "acuracia teste": 91.0, "Loss Teste": 30.1675778105855, "_timestamp": 1678262711.3087916, "_runtime": 6088.44101858139, "_step": 119, "_wandb": {"runtime": 6087}}