{"epoch": 119, "Loss Treino": 50.156448654830456, "acuracia treino": 95.784, "acuracia teste": 91.09, "Loss Teste": 29.210634753108025, "_timestamp": 1678244438.4494195, "_runtime": 6075.8813734054565, "_step": 119, "_wandb": {"runtime": 6075}}