{"epoch": 99, "loss": 0.24644657969474792, "acuracia treino": 98.75, "acuracia teste": 76.09, "_timestamp": 1676508170.399462, "_runtime": 11979.802285909653, "_step": 99, "_wandb": {"runtime": 11982}}