{"epoch": 119, "Loss Treino": 48.64642119035125, "acuracia treino": 95.828, "acuracia teste": 89.98, "Loss Teste": 33.32947428524494, "_timestamp": 1678213987.2055423, "_runtime": 6056.146790266037, "_step": 119, "_wandb": {"runtime": 6055}}