{"epoch": 119, "Loss Treino": 47.816892586648464, "acuracia treino": 96.012, "acuracia teste": 90.88, "Loss Teste": 29.67530633509159, "_timestamp": 1678274909.6010613, "_runtime": 6093.326795339584, "_step": 119, "_wandb": {"runtime": 6092}}