{"epoch": 99, "loss": 0.2950788736343384, "acuracia treino": 98.75, "acuracia teste": 76.0, "_timestamp": 1676842098.7451992, "_runtime": 9241.735213279724, "_step": 99, "_wandb": {"runtime": 9243}}