{"epoch": 199, "Loss Treino": 182.13287350535393, "acuracia treino": 84.264, "acuracia teste": 77.58, "Loss Teste": 66.48108673095703, "_timestamp": 1677784733.4024475, "_runtime": 10086.182040452957, "_step": 199, "_wandb": {"runtime": 10085}}