{"epoch": 99, "loss": 258.792054772377, "acuracia treino": 0.958, "acuracia teste": 0.84, "_timestamp": 1676590768.357837, "_runtime": 13274.213283061981, "_step": 99, "_wandb": {"runtime": 13275}}