{"epoch": 99, "Loss Treino": 6.484035627916455, "acuracia treino": 99.962, "acuracia teste": 95.07, "Loss Teste": 18.352025408297777, "_timestamp": 1677371373.087726, "_runtime": 5034.554949045181, "_step": 99, "_wandb": {"runtime": 5034}}