{"epoch": 119, "Loss Treino": 47.73392480611801, "acuracia treino": 95.978, "acuracia teste": 89.37, "Loss Teste": 34.26346832513809, "_timestamp": 1678232270.0027924, "_runtime": 6073.301825284958, "_step": 119, "_wandb": {"runtime": 6072}}