{"epoch": 52, "loss": 94.57505224645138, "acuracia treino": 0.994, "acuracia teste": 0.84, "_timestamp": 1676597809.8596418, "_runtime": 7032.813589811325, "_step": 52, "_wandb": {"runtime": 7039}}