{"epoch": 99, "loss": 0.7904522226890549, "acuracia treino": 1.0, "acuracia teste": 1.0, "_timestamp": 1676718605.381878, "_runtime": 13373.332436800003, "_step": 99, "_wandb": {"runtime": 13375}}