{"epoch": 99, "loss": 0.23304766416549683, "acuracia treino": 98.75, "acuracia teste": 76.16, "_timestamp": 1677060981.2476504, "_runtime": 25869.05156135559, "_step": 99, "_wandb": {"runtime": 25871}}