{"epoch": 171, "Loss Treino": 155.98922690749168, "acuracia treino": 86.892, "acuracia teste": 78.2, "Loss Teste": 68.6965680718422, "_timestamp": 1677383394.9964242, "_runtime": 8641.391215085983, "_step": 171, "_wandb": {"runtime": 8650}}