{"epoch": 99, "Loss Treino": 29.80847203731537, "acuracia treino": 99.928, "acuracia teste": 95.09, "Loss Teste": 22.10900180786848, "_timestamp": 1677449194.292248, "_runtime": 5051.035314083099, "_step": 99, "_wandb": {"runtime": 5050}}