{"epoch": 199, "Loss Treino": 180.73509195446968, "acuracia treino": 84.46, "acuracia teste": 80.38, "Loss Teste": 59.55565384030342, "_timestamp": 1677774639.0294185, "_runtime": 10087.961393356323, "_step": 199, "_wandb": {"runtime": 10087}}