{"epoch": 99, "loss": 0.036354854702949524, "acuracia treino": 100.0, "acuracia teste": 72.03, "_timestamp": 1676431527.65243, "_runtime": 11976.806185007095, "_step": 99, "_wandb": {"runtime": 11980}}