{"epoch": 99, "Loss Treino": 6.631122812628746, "acuracia treino": 99.958, "acuracia teste": 94.72, "Loss Teste": 19.233927715569735, "_timestamp": 1677362030.1886685, "_runtime": 5030.475036382675, "_step": 99, "_wandb": {"runtime": 5029}}