{"epoch": 99, "loss": 0.2619597017765045, "acuracia treino": 98.75, "acuracia teste": 75.82, "_timestamp": 1676496181.5051858, "_runtime": 11980.091028928757, "_step": 99, "_wandb": {"runtime": 11982}}