{"epoch": 119, "Loss Treino": 161.99520269036293, "acuracia treino": 88.546, "acuracia teste": 66.72, "Loss Teste": 133.68653750419617, "_timestamp": 1678153101.591344, "_runtime": 6084.659831047058, "_step": 119, "_wandb": {"runtime": 6084}}