{"epoch": 99, "loss": 0.2031072974205017, "acuracia treino": 100.0, "acuracia teste": 76.13, "_timestamp": 1676532117.2522683, "_runtime": 11959.014866352081, "_step": 99, "_wandb": {"runtime": 11961}}