{"epoch": 199, "Loss Treino": 562.6535047888756, "acuracia treino": 59.93, "acuracia teste": 49.75, "Loss Teste": 194.74953413009644, "_timestamp": 1677673277.3590312, "_runtime": 10097.822514295578, "_step": 199, "_wandb": {"runtime": 10097}}