{"epoch": 99, "loss": 11.636440141126513, "acuracia treino": 96.506, "acuracia teste": 76.89, "_timestamp": 1677273314.7607038, "_runtime": 26946.44915986061, "_step": 99, "_wandb": {"runtime": 26948}}