{"epoch": 99, "loss": 0.3076101839542389, "acuracia treino": 100.0, "acuracia teste": 75.57, "_timestamp": 1676832843.6106846, "_runtime": 7841.818108558655, "_step": 99, "_wandb": {"runtime": 7847}}