{"epoch": 99, "loss": 0.25019896030426025, "acuracia treino": 100.0, "acuracia teste": 75.67, "_timestamp": 1676926587.1585195, "_runtime": 17535.45213651657, "_step": 99, "_wandb": {"runtime": 17537}}