{"epoch": 99, "loss": 12.539253601804376, "acuracia treino": 96.234, "acuracia teste": 76.63, "_timestamp": 1677079584.7934732, "_runtime": 10130.74852013588, "_step": 99, "_wandb": {"runtime": 10132}}