{"epoch": 119, "Loss Treino": 169.49313640594482, "acuracia treino": 88.008, "acuracia teste": 66.18, "Loss Teste": 135.38938760757446, "_timestamp": 1678165298.3651886, "_runtime": 6093.490658521652, "_step": 119, "_wandb": {"runtime": 6092}}