{"epoch": 119, "Loss Treino": 46.02573072165251, "acuracia treino": 96.12, "acuracia teste": 89.72, "Loss Teste": 34.36089485883713, "_timestamp": 1678250523.536398, "_runtime": 6076.865329027176, "_step": 119, "_wandb": {"runtime": 6076}}