{"epoch": 119, "Loss Treino": 161.20458483695984, "acuracia treino": 88.66, "acuracia teste": 63.88, "Loss Teste": 147.6133087873459, "_timestamp": 1678159196.1470282, "_runtime": 6087.238160133362, "_step": 119, "_wandb": {"runtime": 6086}}