{"epoch": 199, "Loss Treino": 559.9845517873764, "acuracia treino": 59.89, "acuracia teste": 50.96, "Loss Teste": 189.67117309570312, "_timestamp": 1677663170.7375565, "_runtime": 10091.38615846634, "_step": 199, "_wandb": {"runtime": 10090}}