{"epoch": 99, "loss": 0.27490144968032837, "acuracia treino": 97.5, "acuracia teste": 75.81, "_timestamp": 1677010606.4684162, "_runtime": 23083.222640275955, "_step": 99, "_wandb": {"runtime": 23085}}