{"epoch": 199, "Loss Treino": 557.3832528591156, "acuracia treino": 60.058, "acuracia teste": 42.29, "Loss Teste": 237.67211318016052, "_timestamp": 1677693516.43814, "_runtime": 10114.5799639225, "_step": 199, "_wandb": {"runtime": 10114}}