{"epoch": 119, "Loss Treino": 167.944681763649, "acuracia treino": 87.772, "acuracia teste": 67.13, "Loss Teste": 128.7423226237297, "_timestamp": 1678134836.2354102, "_runtime": 6074.862381219864, "_step": 119, "_wandb": {"runtime": 6074}}