{"epoch": 99, "loss": 6.087003076449037, "acuracia treino": 93.732, "acuracia teste": 76.48, "_timestamp": 1676638195.0570147, "_runtime": 13427.060003757477, "_step": 99, "_wandb": {"runtime": 13428}}