{"epoch": 99, "loss": 18.867247246205807, "acuracia treino": 96.676, "acuracia teste": 75.54, "_timestamp": 1676611330.848407, "_runtime": 13413.52896809578, "_step": 99, "_wandb": {"runtime": 13416}}