{"epoch": 199, "Loss Treino": 179.88587383925915, "acuracia treino": 84.432, "acuracia teste": 79.14, "Loss Teste": 63.22023120522499, "_timestamp": 1677865684.1308234, "_runtime": 10129.531089305878, "_step": 199, "_wandb": {"runtime": 10128}}