{"epoch": 99, "loss": 12.203042565844953, "acuracia treino": 96.368, "acuracia teste": 76.76, "_timestamp": 1677091399.1634095, "_runtime": 11804.543001413345, "_step": 99, "_wandb": {"runtime": 11806}}