{"epoch": 199, "Loss Treino": 555.1290496587753, "acuracia treino": 60.404, "acuracia teste": 45.93, "Loss Teste": 221.22385478019714, "_timestamp": 1677734063.1374774, "_runtime": 10136.563997507095, "_step": 199, "_wandb": {"runtime": 10135}}