{"epoch": 199, "Loss Treino": 178.72203841805458, "acuracia treino": 84.556, "acuracia teste": 74.34, "Loss Teste": 80.88567858934402, "_timestamp": 1677804939.628917, "_runtime": 10096.598279953003, "_step": 199, "_wandb": {"runtime": 10095}}