{"epoch": 99, "loss": 2.118033535312861, "acuracia treino": 1.0, "acuracia teste": 1.0, "_timestamp": 1676691835.2779694, "_runtime": 13375.451041460037, "_step": 99, "_wandb": {"runtime": 13377}}