{"epoch": 99, "loss": 9.635400351136923, "acuracia treino": 65.592, "acuracia teste": 57.1, "_timestamp": 1676651631.5274067, "_runtime": 13427.45760679245, "_step": 99, "_wandb": {"runtime": 13428}}