{"epoch": 99, "Loss Treino": 13.181654220446944, "acuracia treino": 99.95, "acuracia teste": 95.07, "Loss Teste": 20.14174961298704, "_timestamp": 1677403713.3620076, "_runtime": 5032.8893575668335, "_step": 99, "_wandb": {"runtime": 5032}}