{"epoch": 99, "loss": 0.19653329253196716, "acuracia treino": 100.0, "acuracia teste": 76.33, "_timestamp": 1676965820.3300385, "_runtime": 20300.368017435074, "_step": 99, "_wandb": {"runtime": 20302}}