{"epoch": 0, "Loss Treino": 1546.0203523635864, "acuracia treino": 8.022, "acuracia teste": 11.02, "Loss Teste": 375.87167978286743, "_timestamp": 1678032924.6219227, "_runtime": 56.73519468307495, "_step": 0, "_wandb": {"runtime": 59}}