{"epoch": 99, "Loss Treino": 11.317935967817903, "acuracia treino": 99.93, "acuracia teste": 95.02, "Loss Teste": 19.07286836579442, "_timestamp": 1677398672.7194757, "_runtime": 5037.137583732605, "_step": 99, "_wandb": {"runtime": 5036}}