{"epoch": 199, "Loss Treino": 562.2274706363678, "acuracia treino": 59.704, "acuracia teste": 51.0, "Loss Teste": 184.84302723407745, "_timestamp": 1677683394.2292755, "_runtime": 10108.687878370285, "_step": 199, "_wandb": {"runtime": 10107}}