{"epoch": 119, "Loss Treino": 164.5717547684908, "acuracia treino": 88.24, "acuracia teste": 65.5, "Loss Teste": 138.88844913244247, "_timestamp": 1678147009.0201032, "_runtime": 6080.119852304459, "_step": 119, "_wandb": {"runtime": 6079}}