{"epoch": 119, "Loss Treino": 47.756646171212196, "acuracia treino": 95.982, "acuracia teste": 89.31, "Loss Teste": 36.18874154984951, "_timestamp": 1678238352.266457, "_runtime": 6074.240804195404, "_step": 119, "_wandb": {"runtime": 6073}}