{"epoch": 99, "Loss Treino": 16.92816425859928, "acuracia treino": 99.96, "acuracia teste": 95.1, "Loss Teste": 19.792699620127678, "_timestamp": 1677413808.5902917, "_runtime": 5040.497082710266, "_step": 99, "_wandb": {"runtime": 5039}}