{"epoch": 119, "Loss Treino": 172.20845802128315, "acuracia treino": 87.196, "acuracia teste": 63.75, "Loss Teste": 144.11420685052872, "_timestamp": 1678122669.2189987, "_runtime": 6071.406352758408, "_step": 119, "_wandb": {"runtime": 6070}}